filename,fold,target,category,esc10,src_file,take
3-170015-A-0.wav,3,0,dog,True,170015,A
5-9032-A-0.wav,5,0,dog,True,9032,A
4-199261-A-0.wav,4,0,dog,True,199261,A
1-32318-A-0.wav,1,0,dog,True,32318,A
4-194754-A-0.wav,4,0,dog,True,194754,A
4-183992-A-0.wav,4,0,dog,True,183992,A
2-122104-B-0.wav,2,0,dog,True,122104,B
4-182395-A-0.wav,4,0,dog,True,182395,A
2-118072-A-0.wav,2,0,dog,True,118072,A
4-184575-A-0.wav,4,0,dog,True,184575,A
3-180977-A-0.wav,3,0,dog,True,180977,A
5-217158-A-0.wav,5,0,dog,True,217158,A
5-208030-A-0.wav,5,0,dog,True,208030,A
3-157695-A-0.wav,3,0,dog,True,157695,A
2-114280-A-0.wav,2,0,dog,True,114280,A
4-191687-A-0.wav,4,0,dog,True,191687,A
1-30226-A-0.wav,1,0,dog,True,30226,A
5-203128-A-0.wav,5,0,dog,True,203128,A
2-117271-A-0.wav,2,0,dog,True,117271,A
5-203128-B-0.wav,5,0,dog,True,203128,B
2-118964-A-0.wav,2,0,dog,True,118964,A
5-212454-A-0.wav,5,0,dog,True,212454,A
1-110389-A-0.wav,1,0,dog,True,110389,A
1-30344-A-0.wav,1,0,dog,True,30344,A
3-144028-A-0.wav,3,0,dog,True,144028,A
1-85362-A-0.wav,1,0,dog,True,85362,A
3-136288-A-0.wav,3,0,dog,True,136288,A
1-59513-A-0.wav,1,0,dog,True,59513,A
2-114587-A-0.wav,2,0,dog,True,114587,A
1-100032-A-0.wav,1,0,dog,True,100032,A
5-213855-A-0.wav,5,0,dog,True,213855,A
4-207124-A-0.wav,4,0,dog,True,207124,A
3-154957-A-1.wav,3,1,rooster,True,154957,A
5-200339-A-1.wav,5,1,rooster,True,200339,A
5-200334-A-1.wav,5,1,rooster,True,200334,A
3-107219-A-1.wav,3,1,rooster,True,107219,A
4-164859-A-1.wav,4,1,rooster,True,164859,A
1-26806-A-1.wav,1,1,rooster,True,26806,A
4-183487-A-1.wav,4,1,rooster,True,183487,A
3-163288-A-1.wav,3,1,rooster,True,163288,A
1-43382-A-1.wav,1,1,rooster,True,43382,A
5-194930-A-1.wav,5,1,rooster,True,194930,A
4-164064-C-1.wav,4,1,rooster,True,164064,C
3-145382-A-1.wav,3,1,rooster,True,145382,A
3-137152-A-1.wav,3,1,rooster,True,137152,A
1-27724-A-1.wav,1,1,rooster,True,27724,A
4-164064-B-1.wav,4,1,rooster,True,164064,B
1-40730-A-1.wav,1,1,rooster,True,40730,A
2-96460-A-1.wav,2,1,rooster,True,96460,A
5-194930-B-1.wav,5,1,rooster,True,194930,B
4-170078-A-1.wav,4,1,rooster,True,170078,A
3-149189-A-1.wav,3,1,rooster,True,149189,A
2-95258-B-1.wav,2,1,rooster,True,95258,B
1-44831-A-1.wav,1,1,rooster,True,44831,A
3-134049-A-1.wav,3,1,rooster,True,134049,A
2-65750-A-1.wav,2,1,rooster,True,65750,A
2-71162-A-1.wav,2,1,rooster,True,71162,A
2-95035-A-1.wav,2,1,rooster,True,95035,A
4-132383-B-2.wav,4,2,pig,False,132383,B
3-233151-A-2.wav,3,2,pig,False,233151,A
1-208757-C-2.wav,1,2,pig,False,208757,C
4-147240-B-2.wav,4,2,pig,False,147240,B
5-103418-A-2.wav,5,2,pig,False,103418,A
5-103420-A-2.wav,5,2,pig,False,103420,A
2-158746-C-2.wav,2,2,pig,False,158746,C
4-250869-A-2.wav,4,2,pig,False,250869,A
5-127990-A-2.wav,5,2,pig,False,127990,A
5-103421-A-2.wav,5,2,pig,False,103421,A
2-166644-A-2.wav,2,2,pig,False,166644,A
1-208757-B-2.wav,1,2,pig,False,208757,B
1-260640-A-2.wav,1,2,pig,False,260640,A
5-117250-A-2.wav,5,2,pig,False,117250,A
1-208757-E-2.wav,1,2,pig,False,208757,E
4-250869-B-2.wav,4,2,pig,False,250869,B
5-103416-A-2.wav,5,2,pig,False,103416,A
5-103415-A-2.wav,5,2,pig,False,103415,A
1-208757-D-2.wav,1,2,pig,False,208757,D
5-194899-A-3.wav,5,3,cow,False,194899,A
4-181955-B-3.wav,4,3,cow,False,181955,B
3-124376-B-3.wav,3,3,cow,False,124376,B
2-103427-A-3.wav,2,3,cow,False,103427,A
5-194899-B-3.wav,5,3,cow,False,194899,B
4-174860-B-3.wav,4,3,cow,False,174860,B
2-117795-A-3.wav,2,3,cow,False,117795,A
2-103423-A-3.wav,2,3,cow,False,103423,A
3-126358-B-3.wav,3,3,cow,False,126358,B
4-213915-B-3.wav,4,3,cow,False,213915,B
4-181955-C-3.wav,4,3,cow,False,181955,C
4-174860-A-3.wav,4,3,cow,False,174860,A
5-194899-D-3.wav,5,3,cow,False,194899,D
1-18755-B-4.wav,1,4,frog,False,18755,B
1-18755-A-4.wav,1,4,frog,False,18755,A
3-70962-B-4.wav,3,4,frog,False,70962,B
5-156026-C-4.wav,5,4,frog,False,156026,C
5-187201-A-4.wav,5,4,frog,False,187201,A
4-99644-C-4.wav,4,4,frog,False,99644,C
1-15689-A-4.wav,1,4,frog,False,15689,A
1-17970-A-4.wav,1,4,frog,False,17970,A
1-56380-A-5.wav,1,5,cat,False,56380,A
2-83934-B-5.wav,2,5,cat,False,83934,B
3-95695-A-5.wav,3,5,cat,False,95695,A
4-120160-A-5.wav,4,5,cat,False,120160,A
2-83934-A-5.wav,2,5,cat,False,83934,A
5-169983-A-5.wav,5,5,cat,False,169983,A
1-79113-A-5.wav,1,5,cat,False,79113,A
5-214759-B-5.wav,5,5,cat,False,214759,B
2-82274-A-5.wav,2,5,cat,False,82274,A
3-95695-B-5.wav,3,5,cat,False,95695,B
3-95698-A-5.wav,3,5,cat,False,95698,A
3-146972-A-5.wav,3,5,cat,False,146972,A
4-161303-B-5.wav,4,5,cat,False,161303,B
4-149940-B-5.wav,4,5,cat,False,149940,B
1-34094-A-5.wav,1,5,cat,False,34094,A
4-133047-B-5.wav,4,5,cat,False,133047,B
3-95694-A-5.wav,3,5,cat,False,95694,A
5-172299-A-5.wav,5,5,cat,False,172299,A
3-146965-A-5.wav,3,5,cat,False,146965,A
2-69131-A-5.wav,2,5,cat,False,69131,A
4-149940-A-5.wav,4,5,cat,False,149940,A
2-82274-B-5.wav,2,5,cat,False,82274,B
5-172639-A-5.wav,5,5,cat,False,172639,A
2-69131-B-5.wav,2,5,cat,False,69131,B
4-133047-A-5.wav,4,5,cat,False,133047,A
5-256452-A-5.wav,5,5,cat,False,256452,A
1-47819-C-5.wav,1,5,cat,False,47819,C
1-47819-B-5.wav,1,5,cat,False,47819,B
2-110010-A-5.wav,2,5,cat,False,110010,A
4-161303-A-5.wav,4,5,cat,False,161303,A
2-110011-A-5.wav,2,5,cat,False,110011,A
1-56380-B-5.wav,1,5,cat,False,56380,B
2-120586-A-6.wav,2,6,hen,False,120586,A
1-18074-B-6.wav,1,6,hen,False,18074,B
5-263831-B-6.wav,5,6,hen,False,263831,B
3-187549-A-6.wav,3,6,hen,False,187549,A
2-157488-A-6.wav,2,6,hen,False,157488,A
4-197103-A-6.wav,4,6,hen,False,197103,A
2-75726-A-6.wav,2,6,hen,False,75726,A
2-76868-A-6.wav,2,6,hen,False,76868,A
5-248341-A-6.wav,5,6,hen,False,248341,A
3-188390-A-6.wav,3,6,hen,False,188390,A
2-120587-A-6.wav,2,6,hen,False,120587,A
4-232495-A-6.wav,4,6,hen,False,232495,A
4-200330-B-6.wav,4,6,hen,False,200330,B
1-31251-A-6.wav,1,6,hen,False,31251,A
5-248341-C-6.wav,5,6,hen,False,248341,C
5-263831-A-6.wav,5,6,hen,False,263831,A
2-72268-A-6.wav,2,6,hen,False,72268,A
1-71030-A-6.wav,1,6,hen,False,71030,A
4-234879-A-6.wav,4,6,hen,False,234879,A
3-187549-B-6.wav,3,6,hen,False,187549,B
5-244315-C-6.wav,5,6,hen,False,244315,C
4-200330-A-6.wav,4,6,hen,False,200330,A
5-244315-B-6.wav,5,6,hen,False,244315,B
2-134049-A-6.wav,2,6,hen,False,134049,A
4-204830-A-6.wav,4,6,hen,False,204830,A
3-178096-A-6.wav,3,6,hen,False,178096,A
2-160128-A-7.wav,2,7,insects,False,160128,A
5-195517-A-7.wav,5,7,insects,False,195517,A
3-110913-A-7.wav,3,7,insects,False,110913,A
4-143118-A-7.wav,4,7,insects,False,143118,A
3-110913-C-7.wav,3,7,insects,False,110913,C
1-7973-A-7.wav,1,7,insects,False,7973,A
2-99955-A-7.wav,2,7,insects,False,99955,A
1-46938-A-7.wav,1,7,insects,False,46938,A
5-198278-A-7.wav,5,7,insects,False,198278,A
3-110913-B-7.wav,3,7,insects,False,110913,B
1-46938-B-7.wav,1,7,insects,False,46938,B
1-17585-A-7.wav,1,7,insects,False,17585,A
4-133895-A-7.wav,4,7,insects,False,133895,A
2-99955-C-7.wav,2,7,insects,False,99955,C
2-82077-A-7.wav,2,7,insects,False,82077,A
5-194932-A-7.wav,5,7,insects,False,194932,A
1-75189-A-7.wav,1,7,insects,False,75189,A
1-73585-A-7.wav,1,7,insects,False,73585,A
3-105235-A-7.wav,3,7,insects,False,105235,A
2-196688-A-8.wav,2,8,sheep,False,196688,A
4-188703-A-8.wav,4,8,sheep,False,188703,A
2-110614-A-8.wav,2,8,sheep,False,110614,A
2-119161-C-8.wav,2,8,sheep,False,119161,C
3-140199-D-8.wav,3,8,sheep,False,140199,D
3-140199-B-8.wav,3,8,sheep,False,140199,B
3-197408-B-8.wav,3,8,sheep,False,197408,B
5-198891-D-8.wav,5,8,sheep,False,198891,D
3-140199-C-8.wav,3,8,sheep,False,140199,C
4-188703-B-8.wav,4,8,sheep,False,188703,B
1-88574-A-8.wav,1,8,sheep,False,88574,A
2-119161-B-8.wav,2,8,sheep,False,119161,B
2-182508-B-8.wav,2,8,sheep,False,182508,B
5-213836-A-9.wav,5,9,crow,False,213836,A
2-108767-B-9.wav,2,9,crow,False,108767,B
1-75162-A-9.wav,1,9,crow,False,75162,A
5-213836-C-9.wav,5,9,crow,False,213836,C
2-108767-C-9.wav,2,9,crow,False,108767,C
4-156227-A-9.wav,4,9,crow,False,156227,A
1-96950-B-9.wav,1,9,crow,False,96950,B
4-136381-A-9.wav,4,9,crow,False,136381,A
5-202898-A-10.wav,5,10,rain,True,202898,A
4-181286-A-10.wav,4,10,rain,True,181286,A
2-72970-A-10.wav,2,10,rain,True,72970,A
4-163264-A-10.wav,4,10,rain,True,163264,A
2-117625-A-10.wav,2,10,rain,True,117625,A
4-166661-A-10.wav,4,10,rain,True,166661,A
2-87781-A-10.wav,2,10,rain,True,87781,A
3-132852-A-10.wav,3,10,rain,True,132852,A
3-143929-A-10.wav,3,10,rain,True,143929,A
1-29561-A-10.wav,1,10,rain,True,29561,A
5-188655-A-10.wav,5,10,rain,True,188655,A
1-56311-A-10.wav,1,10,rain,True,56311,A
5-195710-A-10.wav,5,10,rain,True,195710,A
3-142005-A-10.wav,3,10,rain,True,142005,A
3-157487-A-10.wav,3,10,rain,True,157487,A
2-73260-A-10.wav,2,10,rain,True,73260,A
2-101676-A-10.wav,2,10,rain,True,101676,A
4-177250-A-10.wav,4,10,rain,True,177250,A
4-164206-A-10.wav,4,10,rain,True,164206,A
4-180380-A-10.wav,4,10,rain,True,180380,A
3-157615-A-10.wav,3,10,rain,True,157615,A
1-26222-A-10.wav,1,10,rain,True,26222,A
3-140774-A-10.wav,3,10,rain,True,140774,A
1-50060-A-10.wav,1,10,rain,True,50060,A
5-193339-A-10.wav,5,10,rain,True,193339,A
2-73027-A-10.wav,2,10,rain,True,73027,A
4-161127-A-10.wav,4,10,rain,True,161127,A
2-81731-A-10.wav,2,10,rain,True,81731,A
3-142006-A-10.wav,3,10,rain,True,142006,A
1-21189-A-10.wav,1,10,rain,True,21189,A
5-194892-A-10.wav,5,10,rain,True,194892,A
1-17367-A-10.wav,1,10,rain,True,17367,A
1-91359-B-11.wav,1,11,sea_waves,True,91359,B
1-39901-B-11.wav,1,11,sea_waves,True,39901,B
3-144827-B-11.wav,3,11,sea_waves,True,144827,B
1-28135-B-11.wav,1,11,sea_waves,True,28135,B
4-167063-B-11.wav,4,11,sea_waves,True,167063,B
2-102852-A-11.wav,2,11,sea_waves,True,102852,A
5-219379-A-11.wav,5,11,sea_waves,True,219379,A
1-61252-A-11.wav,1,11,sea_waves,True,61252,A
3-144827-A-11.wav,3,11,sea_waves,True,144827,A
5-208810-A-11.wav,5,11,sea_waves,True,208810,A
5-200461-A-11.wav,5,11,sea_waves,True,200461,A
3-166422-A-11.wav,3,11,sea_waves,True,166422,A
4-195497-B-11.wav,4,11,sea_waves,True,195497,B
2-125966-A-11.wav,2,11,sea_waves,True,125966,A
5-219379-B-11.wav,5,11,sea_waves,True,219379,B
5-208810-B-11.wav,5,11,sea_waves,True,208810,B
2-124662-A-11.wav,2,11,sea_waves,True,124662,A
5-213077-A-11.wav,5,11,sea_waves,True,213077,A
3-187710-A-11.wav,3,11,sea_waves,True,187710,A
3-155642-B-11.wav,3,11,sea_waves,True,155642,B
4-167063-C-11.wav,4,11,sea_waves,True,167063,C
3-164120-A-11.wav,3,11,sea_waves,True,164120,A
1-39901-A-11.wav,1,11,sea_waves,True,39901,A
4-195497-A-11.wav,4,11,sea_waves,True,195497,A
4-182613-A-11.wav,4,11,sea_waves,True,182613,A
3-155642-A-11.wav,3,11,sea_waves,True,155642,A
5-215658-B-12.wav,5,12,crackling_fire,True,215658,B
3-147965-A-12.wav,3,12,crackling_fire,True,147965,A
1-46272-A-12.wav,1,12,crackling_fire,True,46272,A
4-171207-A-12.wav,4,12,crackling_fire,True,171207,A
1-7057-A-12.wav,1,12,crackling_fire,True,7057,A
3-104632-A-12.wav,3,12,crackling_fire,True,104632,A
5-213802-A-12.wav,5,12,crackling_fire,True,213802,A
4-170247-A-12.wav,4,12,crackling_fire,True,170247,A
4-181563-A-12.wav,4,12,crackling_fire,True,181563,A
5-186924-A-12.wav,5,12,crackling_fire,True,186924,A
3-145774-A-12.wav,3,12,crackling_fire,True,145774,A
5-189212-A-12.wav,5,12,crackling_fire,True,189212,A
5-193473-B-12.wav,5,12,crackling_fire,True,193473,B
3-65748-A-12.wav,3,12,crackling_fire,True,65748,A
4-164661-B-12.wav,4,12,crackling_fire,True,164661,B
1-4211-A-12.wav,1,12,crackling_fire,True,4211,A
2-18766-A-12.wav,2,12,crackling_fire,True,18766,A
5-189237-A-12.wav,5,12,crackling_fire,True,189237,A
1-17565-A-12.wav,1,12,crackling_fire,True,17565,A
4-172143-A-13.wav,4,13,crickets,False,172143,A
3-134802-A-13.wav,3,13,crickets,False,134802,A
1-59102-A-13.wav,1,13,crickets,False,59102,A
3-155766-A-13.wav,3,13,crickets,False,155766,A
5-216216-A-13.wav,5,13,crickets,False,216216,A
4-195707-A-13.wav,4,13,crickets,False,195707,A
3-129338-A-13.wav,3,13,crickets,False,129338,A
5-215179-A-13.wav,5,13,crickets,False,215179,A
1-9841-A-13.wav,1,13,crickets,False,9841,A
5-210540-A-13.wav,5,13,crickets,False,210540,A
1-7456-A-13.wav,1,13,crickets,False,7456,A
3-146033-A-13.wav,3,13,crickets,False,146033,A
3-163607-A-13.wav,3,13,crickets,False,163607,A
3-155584-A-14.wav,3,14,chirping_birds,False,155584,A
5-242491-A-14.wav,5,14,chirping_birds,False,242491,A
2-108760-B-14.wav,2,14,chirping_birds,False,108760,B
1-34495-A-14.wav,1,14,chirping_birds,False,34495,A
1-54918-A-14.wav,1,14,chirping_birds,False,54918,A
5-257839-A-14.wav,5,14,chirping_birds,False,257839,A
1-54918-B-14.wav,1,14,chirping_birds,False,54918,B
5-243459-A-14.wav,5,14,chirping_birds,False,243459,A
5-261433-A-15.wav,5,15,water_drops,False,261433,A
1-90797-A-15.wav,1,15,water_drops,False,90797,A
1-23094-A-15.wav,1,15,water_drops,False,23094,A
4-212604-B-15.wav,4,15,water_drops,False,212604,B
3-164593-A-15.wav,3,15,water_drops,False,164593,A
2-139748-B-15.wav,2,15,water_drops,False,139748,B
3-164595-A-15.wav,3,15,water_drops,False,164595,A
3-166326-A-15.wav,3,15,water_drops,False,166326,A
2-68595-B-15.wav,2,15,water_drops,False,68595,B
5-254832-B-15.wav,5,15,water_drops,False,254832,B
3-164592-A-15.wav,3,15,water_drops,False,164592,A
2-68595-A-15.wav,2,15,water_drops,False,68595,A
5-257349-A-15.wav,5,15,water_drops,False,257349,A
5-259180-A-15.wav,5,15,water_drops,False,259180,A
4-174797-A-15.wav,4,15,water_drops,False,174797,A
5-261439-A-15.wav,5,15,water_drops,False,261439,A
4-168155-A-15.wav,4,15,water_drops,False,168155,A
3-160119-A-15.wav,3,15,water_drops,False,160119,A
4-188293-B-15.wav,4,15,water_drops,False,188293,B
4-212604-C-15.wav,4,15,water_drops,False,212604,C
5-254832-A-15.wav,5,15,water_drops,False,254832,A
3-164594-A-15.wav,3,15,water_drops,False,164594,A
1-23094-B-15.wav,1,15,water_drops,False,23094,B
5-241846-A-15.wav,5,15,water_drops,False,241846,A
1-16746-A-15.wav,1,15,water_drops,False,16746,A
1-12654-B-15.wav,1,15,water_drops,False,12654,B
2-64963-A-15.wav,2,15,water_drops,False,64963,A
2-139749-A-15.wav,2,15,water_drops,False,139749,A
3-166324-A-15.wav,3,15,water_drops,False,166324,A
4-212604-A-15.wav,4,15,water_drops,False,212604,A
4-197871-A-15.wav,4,15,water_drops,False,197871,A
1-12653-A-15.wav,1,15,water_drops,False,12653,A
3-117504-A-16.wav,3,16,wind,False,117504,A
1-29532-A-16.wav,1,16,wind,False,29532,A
2-109374-A-16.wav,2,16,wind,False,109374,A
3-136608-A-16.wav,3,16,wind,False,136608,A
4-144083-B-16.wav,4,16,wind,False,144083,B
3-117504-B-16.wav,3,16,wind,False,117504,B
2-109371-B-16.wav,2,16,wind,False,109371,B
2-109371-D-16.wav,2,16,wind,False,109371,D
2-109371-A-16.wav,2,16,wind,False,109371,A
3-246513-A-16.wav,3,16,wind,False,246513,A
5-179496-A-16.wav,5,16,wind,False,179496,A
2-205966-A-16.wav,2,16,wind,False,205966,A
1-51036-A-16.wav,1,16,wind,False,51036,A
2-104952-A-16.wav,2,16,wind,False,104952,A
1-51037-A-16.wav,1,16,wind,False,51037,A
5-117773-A-16.wav,5,16,wind,False,117773,A
3-134699-C-16.wav,3,16,wind,False,134699,C
4-163606-A-16.wav,4,16,wind,False,163606,A
1-47714-A-16.wav,1,16,wind,False,47714,A
3-246513-B-16.wav,3,16,wind,False,246513,B
5-217186-C-16.wav,5,16,wind,False,217186,C
4-163609-A-16.wav,4,16,wind,False,163609,A
5-157204-A-16.wav,5,16,wind,False,157204,A
4-163608-B-16.wav,4,16,wind,False,163608,B
5-217186-A-16.wav,5,16,wind,False,217186,A
5-179496-B-16.wav,5,16,wind,False,179496,B
1-67152-A-17.wav,1,17,pouring_water,False,67152,A
4-168868-A-17.wav,4,17,pouring_water,False,168868,A
2-102414-B-17.wav,2,17,pouring_water,False,102414,B
5-212734-A-17.wav,5,17,pouring_water,False,212734,A
2-102414-F-17.wav,2,17,pouring_water,False,102414,F
3-145719-A-17.wav,3,17,pouring_water,False,145719,A
4-180453-A-17.wav,4,17,pouring_water,False,180453,A
2-102414-G-17.wav,2,17,pouring_water,False,102414,G
1-51436-A-17.wav,1,17,pouring_water,False,51436,A
1-61221-A-17.wav,1,17,pouring_water,False,61221,A
4-186693-A-17.wav,4,17,pouring_water,False,186693,A
4-187504-B-17.wav,4,17,pouring_water,False,187504,B
1-118559-A-17.wav,1,17,pouring_water,False,118559,A
5-205589-B-17.wav,5,17,pouring_water,False,205589,B
3-154439-A-17.wav,3,17,pouring_water,False,154439,A
3-149448-A-17.wav,3,17,pouring_water,False,149448,A
3-108451-B-17.wav,3,17,pouring_water,False,108451,B
1-50625-A-17.wav,1,17,pouring_water,False,50625,A
2-102414-C-17.wav,2,17,pouring_water,False,102414,C
4-126532-A-18.wav,4,18,toilet_flush,False,126532,A
3-98771-A-18.wav,3,18,toilet_flush,False,98771,A
1-30214-A-18.wav,1,18,toilet_flush,False,30214,A
5-202020-A-18.wav,5,18,toilet_flush,False,202020,A
4-135439-A-18.wav,4,18,toilet_flush,False,135439,A
3-92637-A-18.wav,3,18,toilet_flush,False,92637,A
5-177034-A-18.wav,5,18,toilet_flush,False,177034,A
4-145006-A-18.wav,4,18,toilet_flush,False,145006,A
2-85945-A-18.wav,2,18,toilet_flush,False,85945,A
5-185908-A-18.wav,5,18,toilet_flush,False,185908,A
2-64332-A-18.wav,2,18,toilet_flush,False,64332,A
2-72677-A-18.wav,2,18,toilet_flush,False,72677,A
1-46274-A-18.wav,1,18,toilet_flush,False,46274,A
3-103051-C-19.wav,3,19,thunderstorm,False,103051,C
1-24524-A-19.wav,1,19,thunderstorm,False,24524,A
1-115521-A-19.wav,1,19,thunderstorm,False,115521,A
5-156999-C-19.wav,5,19,thunderstorm,False,156999,C
5-156999-A-19.wav,5,19,thunderstorm,False,156999,A
1-24524-B-19.wav,1,19,thunderstorm,False,24524,B
3-124600-A-19.wav,3,19,thunderstorm,False,124600,A
5-192191-A-19.wav,5,19,thunderstorm,False,192191,A
1-187207-A-20.wav,1,20,crying_baby,True,187207,A
2-50666-A-20.wav,2,20,crying_baby,True,50666,A
2-50665-A-20.wav,2,20,crying_baby,True,50665,A
1-211527-B-20.wav,1,20,crying_baby,True,211527,B
1-60997-B-20.wav,1,20,crying_baby,True,60997,B
2-107351-A-20.wav,2,20,crying_baby,True,107351,A
5-198411-C-20.wav,5,20,crying_baby,True,198411,C
3-152007-D-20.wav,3,20,crying_baby,True,152007,D
2-66637-A-20.wav,2,20,crying_baby,True,66637,A
2-151079-A-20.wav,2,20,crying_baby,True,151079,A
4-185575-B-20.wav,4,20,crying_baby,True,185575,B
5-198411-D-20.wav,5,20,crying_baby,True,198411,D
4-59579-A-20.wav,4,20,crying_baby,True,59579,A
4-167077-A-20.wav,4,20,crying_baby,True,167077,A
4-185575-A-20.wav,4,20,crying_baby,True,185575,A
3-152007-C-20.wav,3,20,crying_baby,True,152007,C
2-80482-A-20.wav,2,20,crying_baby,True,80482,A
3-151081-B-20.wav,3,20,crying_baby,True,151081,B
1-60997-A-20.wav,1,20,crying_baby,True,60997,A
4-167077-B-20.wav,4,20,crying_baby,True,167077,B
4-59579-B-20.wav,4,20,crying_baby,True,59579,B
1-22694-A-20.wav,1,20,crying_baby,True,22694,A
3-151081-A-20.wav,3,20,crying_baby,True,151081,A
5-198411-E-20.wav,5,20,crying_baby,True,198411,E
3-152007-B-20.wav,3,20,crying_baby,True,152007,B
1-211527-A-20.wav,1,20,crying_baby,True,211527,A
1-22694-B-20.wav,1,20,crying_baby,True,22694,B
3-152007-A-20.wav,3,20,crying_baby,True,152007,A
5-198411-B-20.wav,5,20,crying_baby,True,198411,B
1-211527-C-20.wav,1,20,crying_baby,True,211527,C
5-198411-F-20.wav,5,20,crying_baby,True,198411,F
2-107351-B-20.wav,2,20,crying_baby,True,107351,B
1-26143-A-21.wav,1,21,sneezing,True,26143,A
5-194533-A-21.wav,5,21,sneezing,True,194533,A
3-141684-A-21.wav,3,21,sneezing,True,141684,A
3-156558-A-21.wav,3,21,sneezing,True,156558,A
1-47273-A-21.wav,1,21,sneezing,True,47273,A
4-156843-A-21.wav,4,21,sneezing,True,156843,A
2-130979-A-21.wav,2,21,sneezing,True,130979,A
1-31748-A-21.wav,1,21,sneezing,True,31748,A
3-150231-A-21.wav,3,21,sneezing,True,150231,A
5-221593-A-21.wav,5,21,sneezing,True,221593,A
1-59324-A-21.wav,1,21,sneezing,True,59324,A
2-128631-A-21.wav,2,21,sneezing,True,128631,A
2-119102-A-21.wav,2,21,sneezing,True,119102,A
2-93030-A-21.wav,2,21,sneezing,True,93030,A
2-118104-A-21.wav,2,21,sneezing,True,118104,A
4-156844-A-21.wav,4,21,sneezing,True,156844,A
1-29680-A-21.wav,1,21,sneezing,True,29680,A
5-202220-A-21.wav,5,21,sneezing,True,202220,A
5-187979-A-21.wav,5,21,sneezing,True,187979,A
4-184434-A-21.wav,4,21,sneezing,True,184434,A
4-185415-A-21.wav,4,21,sneezing,True,185415,A
1-54505-A-21.wav,1,21,sneezing,True,54505,A
5-220027-A-21.wav,5,21,sneezing,True,220027,A
4-157297-A-21.wav,4,21,sneezing,True,157297,A
2-109505-A-21.wav,2,21,sneezing,True,109505,A
3-143119-A-21.wav,3,21,sneezing,True,143119,A
1-115920-A-22.wav,1,22,clapping,False,115920,A
3-177083-A-22.wav,3,22,clapping,False,177083,A
1-94036-A-22.wav,1,22,clapping,False,94036,A
5-254160-A-22.wav,5,22,clapping,False,254160,A
4-189836-A-22.wav,4,22,clapping,False,189836,A
2-76408-A-22.wav,2,22,clapping,False,76408,A
5-221567-A-22.wav,5,22,clapping,False,221567,A
5-209989-A-22.wav,5,22,clapping,False,209989,A
2-76408-C-22.wav,2,22,clapping,False,76408,C
2-25292-A-22.wav,2,22,clapping,False,25292,A
3-149465-A-22.wav,3,22,clapping,False,149465,A
2-60900-A-22.wav,2,22,clapping,False,60900,A
3-177082-A-22.wav,3,22,clapping,False,177082,A
4-189832-B-22.wav,4,22,clapping,False,189832,B
4-189838-A-22.wav,4,22,clapping,False,189838,A
2-76408-D-22.wav,2,22,clapping,False,76408,D
4-189832-A-22.wav,4,22,clapping,False,189832,A
1-110537-A-22.wav,1,22,clapping,False,110537,A
5-218494-A-22.wav,5,22,clapping,False,218494,A
2-95567-A-23.wav,2,23,breathing,False,95567,A
4-210000-B-23.wav,4,23,breathing,False,210000,B
5-260164-A-23.wav,5,23,breathing,False,260164,A
3-112557-B-23.wav,3,23,breathing,False,112557,B
4-205526-A-23.wav,4,23,breathing,False,205526,A
4-210000-A-23.wav,4,23,breathing,False,210000,A
3-112557-A-23.wav,3,23,breathing,False,112557,A
1-30709-C-23.wav,1,23,breathing,False,30709,C
1-30709-A-23.wav,1,23,breathing,False,30709,A
1-36402-A-23.wav,1,23,breathing,False,36402,A
1-36393-A-23.wav,1,23,breathing,False,36393,A
4-198025-A-23.wav,4,23,breathing,False,198025,A
1-36400-A-23.wav,1,23,breathing,False,36400,A
5-184871-A-24.wav,5,24,coughing,False,184871,A
4-177835-A-24.wav,4,24,coughing,False,177835,A
2-87794-A-24.wav,2,24,coughing,False,87794,A
5-178997-A-24.wav,5,24,coughing,False,178997,A
5-209719-A-24.wav,5,24,coughing,False,209719,A
5-208761-A-24.wav,5,24,coughing,False,208761,A
3-125418-A-24.wav,3,24,coughing,False,125418,A
2-87799-A-24.wav,2,24,coughing,False,87799,A
5-263491-A-25.wav,5,25,footsteps,False,263491,A
3-94342-A-25.wav,3,25,footsteps,False,94342,A
1-155858-E-25.wav,1,25,footsteps,False,155858,E
5-234263-A-25.wav,5,25,footsteps,False,234263,A
2-209478-A-25.wav,2,25,footsteps,False,209478,A
2-209475-A-25.wav,2,25,footsteps,False,209475,A
3-249913-A-25.wav,3,25,footsteps,False,249913,A
2-209476-A-25.wav,2,25,footsteps,False,209476,A
4-194981-A-25.wav,4,25,footsteps,False,194981,A
1-155858-B-25.wav,1,25,footsteps,False,155858,B
1-155858-C-25.wav,1,25,footsteps,False,155858,C
1-155858-A-25.wav,1,25,footsteps,False,155858,A
1-223162-A-25.wav,1,25,footsteps,False,223162,A
5-234855-A-25.wav,5,25,footsteps,False,234855,A
5-263490-A-25.wav,5,25,footsteps,False,263490,A
1-155858-F-25.wav,1,25,footsteps,False,155858,F
4-117630-A-25.wav,4,25,footsteps,False,117630,A
3-94343-A-25.wav,3,25,footsteps,False,94343,A
3-103599-A-25.wav,3,25,footsteps,False,103599,A
5-244310-A-25.wav,5,25,footsteps,False,244310,A
5-51149-A-25.wav,5,25,footsteps,False,51149,A
1-155858-D-25.wav,1,25,footsteps,False,155858,D
3-103598-A-25.wav,3,25,footsteps,False,103598,A
4-218304-B-25.wav,4,25,footsteps,False,218304,B
2-209472-A-25.wav,2,25,footsteps,False,209472,A
4-198962-A-25.wav,4,25,footsteps,False,198962,A
4-194979-A-25.wav,4,25,footsteps,False,194979,A
1-51147-A-25.wav,1,25,footsteps,False,51147,A
2-209474-A-25.wav,2,25,footsteps,False,209474,A
5-263501-A-25.wav,5,25,footsteps,False,263501,A
4-117627-A-25.wav,4,25,footsteps,False,117627,A
3-103599-B-25.wav,3,25,footsteps,False,103599,B
2-60794-A-26.wav,2,26,laughing,False,60794,A
5-242932-B-26.wav,5,26,laughing,False,242932,B
5-171118-A-26.wav,5,26,laughing,False,171118,A
5-259514-A-26.wav,5,26,laughing,False,259514,A
1-72695-A-26.wav,1,26,laughing,False,72695,A
1-30043-A-26.wav,1,26,laughing,False,30043,A
5-263775-B-26.wav,5,26,laughing,False,263775,B
3-119459-A-26.wav,3,26,laughing,False,119459,A
3-107123-A-26.wav,3,26,laughing,False,107123,A
2-60791-A-26.wav,2,26,laughing,False,60791,A
4-155670-A-26.wav,4,26,laughing,False,155670,A
4-181599-A-26.wav,4,26,laughing,False,181599,A
3-152997-A-26.wav,3,26,laughing,False,152997,A
1-30039-A-26.wav,1,26,laughing,False,30039,A
4-167571-A-26.wav,4,26,laughing,False,167571,A
3-152912-A-26.wav,3,26,laughing,False,152912,A
5-242932-A-26.wav,5,26,laughing,False,242932,A
1-36164-B-26.wav,1,26,laughing,False,36164,B
3-132747-A-26.wav,3,26,laughing,False,132747,A
4-133674-A-26.wav,4,26,laughing,False,133674,A
4-132816-A-26.wav,4,26,laughing,False,132816,A
2-79775-A-26.wav,2,26,laughing,False,79775,A
2-109759-A-26.wav,2,26,laughing,False,109759,A
2-109759-B-26.wav,2,26,laughing,False,109759,B
2-79769-A-26.wav,2,26,laughing,False,79769,A
1-1791-A-26.wav,1,26,laughing,False,1791,A
2-82071-A-27.wav,2,27,brushing_teeth,False,82071,A
3-118069-B-27.wav,3,27,brushing_teeth,False,118069,B
4-172500-B-27.wav,4,27,brushing_teeth,False,172500,B
1-67432-A-27.wav,1,27,brushing_teeth,False,67432,A
1-61534-A-27.wav,1,27,brushing_teeth,False,61534,A
2-85434-A-27.wav,2,27,brushing_teeth,False,85434,A
2-73544-A-27.wav,2,27,brushing_teeth,False,73544,A
4-154405-B-27.wav,4,27,brushing_teeth,False,154405,B
1-17092-B-27.wav,1,27,brushing_teeth,False,17092,B
1-68628-A-27.wav,1,27,brushing_teeth,False,68628,A
1-58923-B-27.wav,1,27,brushing_teeth,False,58923,B
2-92627-A-27.wav,2,27,brushing_teeth,False,92627,A
5-220939-A-27.wav,5,27,brushing_teeth,False,220939,A
2-83536-A-27.wav,2,27,brushing_teeth,False,83536,A
3-139331-A-27.wav,3,27,brushing_teeth,False,139331,A
3-118069-A-27.wav,3,27,brushing_teeth,False,118069,A
2-96904-A-27.wav,2,27,brushing_teeth,False,96904,A
4-144468-B-27.wav,4,27,brushing_teeth,False,144468,B
3-100024-A-27.wav,3,27,brushing_teeth,False,100024,A
3-123086-A-28.wav,3,28,snoring,False,123086,A
3-124795-A-28.wav,3,28,snoring,False,124795,A
1-27403-A-28.wav,1,28,snoring,False,27403,A
5-234145-A-28.wav,5,28,snoring,False,234145,A
2-80313-A-28.wav,2,28,snoring,False,80313,A
5-235893-A-28.wav,5,28,snoring,False,235893,A
3-151255-A-28.wav,3,28,snoring,False,151255,A
2-52001-A-28.wav,2,28,snoring,False,52001,A
3-124958-A-28.wav,3,28,snoring,False,124958,A
1-20545-A-28.wav,1,28,snoring,False,20545,A
4-180337-A-28.wav,4,28,snoring,False,180337,A
1-47923-A-28.wav,1,28,snoring,False,47923,A
2-110417-A-28.wav,2,28,snoring,False,110417,A
2-102581-B-29.wav,2,29,drinking_sipping,False,102581,B
5-207836-B-29.wav,5,29,drinking_sipping,False,207836,B
3-144253-A-29.wav,3,29,drinking_sipping,False,144253,A
4-210593-A-29.wav,4,29,drinking_sipping,False,210593,A
4-188191-A-29.wav,4,29,drinking_sipping,False,188191,A
3-169907-A-29.wav,3,29,drinking_sipping,False,169907,A
2-122763-B-29.wav,2,29,drinking_sipping,False,122763,B
1-56270-A-29.wav,1,29,drinking_sipping,False,56270,A
1-81001-A-30.wav,1,30,door_wood_knock,False,81001,A
4-211502-A-30.wav,4,30,door_wood_knock,False,211502,A
4-182041-A-30.wav,4,30,door_wood_knock,False,182041,A
3-182023-A-30.wav,3,30,door_wood_knock,False,182023,A
1-26188-A-30.wav,1,30,door_wood_knock,False,26188,A
5-250026-A-30.wav,5,30,door_wood_knock,False,250026,A
4-182034-A-30.wav,4,30,door_wood_knock,False,182034,A
5-250026-B-30.wav,5,30,door_wood_knock,False,250026,B
5-218980-A-30.wav,5,30,door_wood_knock,False,218980,A
3-151089-A-30.wav,3,30,door_wood_knock,False,151089,A
1-103999-A-30.wav,1,30,door_wood_knock,False,103999,A
2-118624-A-30.wav,2,30,door_wood_knock,False,118624,A
5-235644-A-30.wav,5,30,door_wood_knock,False,235644,A
5-218981-A-30.wav,5,30,door_wood_knock,False,218981,A
4-261068-A-30.wav,4,30,door_wood_knock,False,261068,A
2-114254-A-30.wav,2,30,door_wood_knock,False,114254,A
3-152594-A-30.wav,3,30,door_wood_knock,False,152594,A
2-120218-B-30.wav,2,30,door_wood_knock,False,120218,B
5-251426-B-30.wav,5,30,door_wood_knock,False,251426,B
2-140841-A-30.wav,2,30,door_wood_knock,False,140841,A
5-251426-A-30.wav,5,30,door_wood_knock,False,251426,A
5-256512-A-30.wav,5,30,door_wood_knock,False,256512,A
1-101336-A-30.wav,1,30,door_wood_knock,False,101336,A
1-52290-A-30.wav,1,30,door_wood_knock,False,52290,A
1-103995-A-30.wav,1,30,door_wood_knock,False,103995,A
4-188878-A-30.wav,4,30,door_wood_knock,False,188878,A
3-182025-A-30.wav,3,30,door_wood_knock,False,182025,A
2-118625-A-30.wav,2,30,door_wood_knock,False,118625,A
2-120218-A-30.wav,2,30,door_wood_knock,False,120218,A
1-82817-A-30.wav,1,30,door_wood_knock,False,82817,A
2-133889-A-30.wav,2,30,door_wood_knock,False,133889,A
2-134915-A-30.wav,2,30,door_wood_knock,False,134915,A
5-233019-A-31.wav,5,31,mouse_click,False,233019,A
1-85123-A-31.wav,1,31,mouse_click,False,85123,A
3-172179-A-31.wav,3,31,mouse_click,False,172179,A
2-146877-B-31.wav,2,31,mouse_click,False,146877,B
1-97793-A-31.wav,1,31,mouse_click,False,97793,A
4-201800-A-31.wav,4,31,mouse_click,False,201800,A
1-81851-A-31.wav,1,31,mouse_click,False,81851,A
2-146877-A-31.wav,2,31,mouse_click,False,146877,A
2-152964-A-31.wav,2,31,mouse_click,False,152964,A
4-204683-A-31.wav,4,31,mouse_click,False,204683,A
1-99958-A-31.wav,1,31,mouse_click,False,99958,A
1-118206-A-31.wav,1,31,mouse_click,False,118206,A
1-18655-A-31.wav,1,31,mouse_click,False,18655,A
3-158056-A-31.wav,3,31,mouse_click,False,158056,A
3-155556-A-31.wav,3,31,mouse_click,False,155556,A
2-152895-A-31.wav,2,31,mouse_click,False,152895,A
3-167096-A-31.wav,3,31,mouse_click,False,167096,A
4-204612-A-31.wav,4,31,mouse_click,False,204612,A
3-185313-A-31.wav,3,31,mouse_click,False,185313,A
5-244651-A-31.wav,5,31,mouse_click,False,244651,A
2-153388-A-31.wav,2,31,mouse_click,False,153388,A
4-192068-A-31.wav,4,31,mouse_click,False,192068,A
4-201300-A-31.wav,4,31,mouse_click,False,201300,A
5-223103-A-31.wav,5,31,mouse_click,False,223103,A
1-95563-A-31.wav,1,31,mouse_click,False,95563,A
2-119139-A-31.wav,2,31,mouse_click,False,119139,A
2-120333-A-32.wav,2,32,keyboard_typing,False,120333,A
1-79711-A-32.wav,1,32,keyboard_typing,False,79711,A
4-172180-A-32.wav,4,32,keyboard_typing,False,172180,A
2-118459-B-32.wav,2,32,keyboard_typing,False,118459,B
1-137-A-32.wav,1,32,keyboard_typing,False,137,A
5-222894-A-32.wav,5,32,keyboard_typing,False,222894,A
5-234923-A-32.wav,5,32,keyboard_typing,False,234923,A
3-154781-A-32.wav,3,32,keyboard_typing,False,154781,A
2-118817-A-32.wav,2,32,keyboard_typing,False,118817,A
4-167155-A-32.wav,4,32,keyboard_typing,False,167155,A
5-216131-A-32.wav,5,32,keyboard_typing,False,216131,A
2-99795-A-32.wav,2,32,keyboard_typing,False,99795,A
1-84393-A-32.wav,1,32,keyboard_typing,False,84393,A
3-144120-A-32.wav,3,32,keyboard_typing,False,144120,A
1-94231-B-32.wav,1,32,keyboard_typing,False,94231,B
1-94231-A-32.wav,1,32,keyboard_typing,False,94231,A
4-172742-A-32.wav,4,32,keyboard_typing,False,172742,A
5-223099-B-32.wav,5,32,keyboard_typing,False,223099,B
3-155570-A-32.wav,3,32,keyboard_typing,False,155570,A
2-70367-A-33.wav,2,33,door_wood_creaks,False,70367,A
5-181458-A-33.wav,5,33,door_wood_creaks,False,181458,A
1-51805-A-33.wav,1,33,door_wood_creaks,False,51805,A
2-91912-B-33.wav,2,33,door_wood_creaks,False,91912,B
1-51805-F-33.wav,1,33,door_wood_creaks,False,51805,F
2-70344-A-33.wav,2,33,door_wood_creaks,False,70344,A
3-101381-B-33.wav,3,33,door_wood_creaks,False,101381,B
5-187444-A-33.wav,5,33,door_wood_creaks,False,187444,A
2-70366-A-33.wav,2,33,door_wood_creaks,False,70366,A
3-94355-A-33.wav,3,33,door_wood_creaks,False,94355,A
1-51805-G-33.wav,1,33,door_wood_creaks,False,51805,G
4-160036-A-33.wav,4,33,door_wood_creaks,False,160036,A
1-51805-H-33.wav,1,33,door_wood_creaks,False,51805,H
1-69165-A-34.wav,1,34,can_opening,False,69165,A
2-83688-A-34.wav,2,34,can_opening,False,83688,A
3-155659-A-34.wav,3,34,can_opening,False,155659,A
3-166546-B-34.wav,3,34,can_opening,False,166546,B
2-85471-A-34.wav,2,34,can_opening,False,85471,A
1-58846-A-34.wav,1,34,can_opening,False,58846,A
5-221878-A-34.wav,5,34,can_opening,False,221878,A
5-244933-A-34.wav,5,34,can_opening,False,244933,A
3-188726-A-35.wav,3,35,washing_machine,False,188726,A
1-32373-A-35.wav,1,35,washing_machine,False,32373,A
5-260875-A-35.wav,5,35,washing_machine,False,260875,A
5-245040-A-35.wav,5,35,washing_machine,False,245040,A
5-141683-A-35.wav,5,35,washing_machine,False,141683,A
3-156393-A-35.wav,3,35,washing_machine,False,156393,A
2-102567-C-35.wav,2,35,washing_machine,False,102567,C
1-27165-A-35.wav,1,35,washing_machine,False,27165,A
3-151269-A-35.wav,3,35,washing_machine,False,151269,A
1-23996-B-35.wav,1,35,washing_machine,False,23996,B
4-218199-C-35.wav,4,35,washing_machine,False,218199,C
2-102568-A-35.wav,2,35,washing_machine,False,102568,A
1-23996-A-35.wav,1,35,washing_machine,False,23996,A
5-223810-A-35.wav,5,35,washing_machine,False,223810,A
1-27166-A-35.wav,1,35,washing_machine,False,27166,A
2-102567-D-35.wav,2,35,washing_machine,False,102567,D
1-21896-A-35.wav,1,35,washing_machine,False,21896,A
2-59241-A-35.wav,2,35,washing_machine,False,59241,A
4-218199-E-35.wav,4,35,washing_machine,False,218199,E
4-218199-F-35.wav,4,35,washing_machine,False,218199,F
3-182710-B-35.wav,3,35,washing_machine,False,182710,B
5-238021-A-35.wav,5,35,washing_machine,False,238021,A
4-218199-G-35.wav,4,35,washing_machine,False,218199,G
3-182710-A-35.wav,3,35,washing_machine,False,182710,A
2-102567-B-35.wav,2,35,washing_machine,False,102567,B
4-218199-H-35.wav,4,35,washing_machine,False,218199,H
1-49098-A-35.wav,1,35,washing_machine,False,49098,A
1-32373-B-35.wav,1,35,washing_machine,False,32373,B
2-51173-A-35.wav,2,35,washing_machine,False,51173,A
4-218199-D-35.wav,4,35,washing_machine,False,218199,D
2-121909-A-35.wav,2,35,washing_machine,False,121909,A
4-218199-A-35.wav,4,35,washing_machine,False,218199,A
5-212054-A-36.wav,5,36,vacuum_cleaner,False,212054,A
1-19872-A-36.wav,1,36,vacuum_cleaner,False,19872,A
2-141681-A-36.wav,2,36,vacuum_cleaner,False,141681,A
5-182012-A-36.wav,5,36,vacuum_cleaner,False,182012,A
4-172734-A-36.wav,4,36,vacuum_cleaner,False,172734,A
5-212059-A-36.wav,5,36,vacuum_cleaner,False,212059,A
4-172732-A-36.wav,4,36,vacuum_cleaner,False,172732,A
3-159346-A-36.wav,3,36,vacuum_cleaner,False,159346,A
5-188365-A-36.wav,5,36,vacuum_cleaner,False,188365,A
3-152020-B-36.wav,3,36,vacuum_cleaner,False,152020,B
5-263902-A-36.wav,5,36,vacuum_cleaner,False,263902,A
2-106072-A-36.wav,2,36,vacuum_cleaner,False,106072,A
4-172736-A-36.wav,4,36,vacuum_cleaner,False,172736,A
5-182010-A-36.wav,5,36,vacuum_cleaner,False,182010,A
2-141681-B-36.wav,2,36,vacuum_cleaner,False,141681,B
2-141682-A-36.wav,2,36,vacuum_cleaner,False,141682,A
5-182007-A-36.wav,5,36,vacuum_cleaner,False,182007,A
1-19840-A-36.wav,1,36,vacuum_cleaner,False,19840,A
4-172736-B-36.wav,4,36,vacuum_cleaner,False,172736,B
5-231551-A-36.wav,5,36,vacuum_cleaner,False,231551,A
2-122820-A-36.wav,2,36,vacuum_cleaner,False,122820,A
4-194680-A-36.wav,4,36,vacuum_cleaner,False,194680,A
3-159347-A-36.wav,3,36,vacuum_cleaner,False,159347,A
4-172733-A-36.wav,4,36,vacuum_cleaner,False,172733,A
3-159347-B-36.wav,3,36,vacuum_cleaner,False,159347,B
1-100210-A-36.wav,1,36,vacuum_cleaner,False,100210,A
3-148297-A-37.wav,3,37,clock_alarm,False,148297,A
4-209698-A-37.wav,4,37,clock_alarm,False,209698,A
5-223176-A-37.wav,5,37,clock_alarm,False,223176,A
3-120526-A-37.wav,3,37,clock_alarm,False,120526,A
5-210612-A-37.wav,5,37,clock_alarm,False,210612,A
1-14262-A-37.wav,1,37,clock_alarm,False,14262,A
2-96063-A-37.wav,2,37,clock_alarm,False,96063,A
5-233645-A-37.wav,5,37,clock_alarm,False,233645,A
5-219242-B-37.wav,5,37,clock_alarm,False,219242,B
3-131943-A-37.wav,3,37,clock_alarm,False,131943,A
2-102435-A-37.wav,2,37,clock_alarm,False,102435,A
4-169508-A-37.wav,4,37,clock_alarm,False,169508,A
2-117116-A-37.wav,2,37,clock_alarm,False,117116,A
1-74517-A-37.wav,1,37,clock_alarm,False,74517,A
1-96890-A-37.wav,1,37,clock_alarm,False,96890,A
4-198841-A-37.wav,4,37,clock_alarm,False,198841,A
4-189332-A-37.wav,4,37,clock_alarm,False,189332,A
1-34853-A-37.wav,1,37,clock_alarm,False,34853,A
4-151242-A-37.wav,4,37,clock_alarm,False,151242,A
5-212181-A-38.wav,5,38,clock_tick,True,212181,A
1-57163-A-38.wav,1,38,clock_tick,True,57163,A
5-208624-A-38.wav,5,38,clock_tick,True,208624,A
4-194711-A-38.wav,4,38,clock_tick,True,194711,A
5-210571-A-38.wav,5,38,clock_tick,True,210571,A
1-42139-A-38.wav,1,38,clock_tick,True,42139,A
5-201194-A-38.wav,5,38,clock_tick,True,201194,A
2-134700-A-38.wav,2,38,clock_tick,True,134700,A
2-140147-A-38.wav,2,38,clock_tick,True,140147,A
1-21934-A-38.wav,1,38,clock_tick,True,21934,A
5-235671-A-38.wav,5,38,clock_tick,True,235671,A
2-131943-A-38.wav,2,38,clock_tick,True,131943,A
4-179984-A-38.wav,4,38,clock_tick,True,179984,A
2-173607-A-39.wav,2,39,glass_breaking,False,173607,A
3-203377-A-39.wav,3,39,glass_breaking,False,203377,A
1-84704-A-39.wav,1,39,glass_breaking,False,84704,A
5-260434-A-39.wav,5,39,glass_breaking,False,260434,A
5-233607-A-39.wav,5,39,glass_breaking,False,233607,A
4-204121-A-39.wav,4,39,glass_breaking,False,204121,A
4-204777-A-39.wav,4,39,glass_breaking,False,204777,A
2-173618-A-39.wav,2,39,glass_breaking,False,173618,A
2-37806-C-40.wav,2,40,helicopter,True,37806,C
5-177957-E-40.wav,5,40,helicopter,True,177957,E
1-172649-D-40.wav,1,40,helicopter,True,172649,D
3-68630-B-40.wav,3,40,helicopter,True,68630,B
5-177957-D-40.wav,5,40,helicopter,True,177957,D
1-172649-F-40.wav,1,40,helicopter,True,172649,F
4-175000-A-40.wav,4,40,helicopter,True,175000,A
1-172649-A-40.wav,1,40,helicopter,True,172649,A
5-191131-A-40.wav,5,40,helicopter,True,191131,A
3-154926-A-40.wav,3,40,helicopter,True,154926,A
4-175000-C-40.wav,4,40,helicopter,True,175000,C
5-177957-A-40.wav,5,40,helicopter,True,177957,A
3-68630-A-40.wav,3,40,helicopter,True,68630,A
3-154926-B-40.wav,3,40,helicopter,True,154926,B
3-150979-C-40.wav,3,40,helicopter,True,150979,C
1-172649-E-40.wav,1,40,helicopter,True,172649,E
4-193480-A-40.wav,4,40,helicopter,True,193480,A
1-181071-A-40.wav,1,40,helicopter,True,181071,A
4-161579-B-40.wav,4,40,helicopter,True,161579,B
1-172649-B-40.wav,1,40,helicopter,True,172649,B
5-205898-A-40.wav,5,40,helicopter,True,205898,A
4-175000-B-40.wav,4,40,helicopter,True,175000,B
1-181071-B-40.wav,1,40,helicopter,True,181071,B
4-161579-A-40.wav,4,40,helicopter,True,161579,A
2-188822-D-40.wav,2,40,helicopter,True,188822,D
3-150979-B-40.wav,3,40,helicopter,True,150979,B
5-220955-A-40.wav,5,40,helicopter,True,220955,A
5-177957-B-40.wav,5,40,helicopter,True,177957,B
2-37806-B-40.wav,2,40,helicopter,True,37806,B
2-188822-C-40.wav,2,40,helicopter,True,188822,C
2-188822-B-40.wav,2,40,helicopter,True,188822,B
2-37806-D-40.wav,2,40,helicopter,True,37806,D
4-149294-A-41.wav,4,41,chainsaw,True,149294,A
2-50668-B-41.wav,2,41,chainsaw,True,50668,B
3-118657-A-41.wav,3,41,chainsaw,True,118657,A
3-165856-A-41.wav,3,41,chainsaw,True,165856,A
4-157611-A-41.wav,4,41,chainsaw,True,157611,A
4-149294-B-41.wav,4,41,chainsaw,True,149294,B
2-77945-A-41.wav,2,41,chainsaw,True,77945,A
1-116765-A-41.wav,1,41,chainsaw,True,116765,A
1-19898-A-41.wav,1,41,chainsaw,True,19898,A
5-185579-B-41.wav,5,41,chainsaw,True,185579,B
5-171653-A-41.wav,5,41,chainsaw,True,171653,A
5-170338-A-41.wav,5,41,chainsaw,True,170338,A
2-77945-B-41.wav,2,41,chainsaw,True,77945,B
3-118972-B-41.wav,3,41,chainsaw,True,118972,B
5-216370-B-41.wav,5,41,chainsaw,True,216370,B
5-216370-A-41.wav,5,41,chainsaw,True,216370,A
4-169127-A-41.wav,4,41,chainsaw,True,169127,A
3-118657-B-41.wav,3,41,chainsaw,True,118657,B
1-64398-B-41.wav,1,41,chainsaw,True,64398,B
5-170338-B-41.wav,5,41,chainsaw,True,170338,B
1-19898-C-41.wav,1,41,chainsaw,True,19898,C
3-118658-A-41.wav,3,41,chainsaw,True,118658,A
3-118972-A-41.wav,3,41,chainsaw,True,118972,A
1-64398-A-41.wav,1,41,chainsaw,True,64398,A
1-47250-B-41.wav,1,41,chainsaw,True,47250,B
2-68391-B-41.wav,2,41,chainsaw,True,68391,B
5-150409-A-42.wav,5,42,siren,False,150409,A
4-111671-B-42.wav,4,42,siren,False,111671,B
1-76831-D-42.wav,1,42,siren,False,76831,D
5-117120-A-42.wav,5,42,siren,False,117120,A
5-184323-A-42.wav,5,42,siren,False,184323,A
1-54084-A-42.wav,1,42,siren,False,54084,A
4-111671-A-42.wav,4,42,siren,False,111671,A
4-67358-A-42.wav,4,42,siren,False,67358,A
3-51909-A-42.wav,3,42,siren,False,51909,A
2-70052-B-42.wav,2,42,siren,False,70052,B
1-76831-A-42.wav,1,42,siren,False,76831,A
4-102871-A-42.wav,4,42,siren,False,102871,A
1-76831-C-42.wav,1,42,siren,False,76831,C
3-58772-A-42.wav,3,42,siren,False,58772,A
1-76831-B-42.wav,1,42,siren,False,76831,B
1-76831-E-42.wav,1,42,siren,False,76831,E
1-31482-A-42.wav,1,42,siren,False,31482,A
5-117118-A-42.wav,5,42,siren,False,117118,A
5-117122-A-42.wav,5,42,siren,False,117122,A
2-54086-A-43.wav,2,43,car_horn,False,54086,A
4-176631-A-43.wav,4,43,car_horn,False,176631,A
3-155234-A-43.wav,3,43,car_horn,False,155234,A
4-175845-A-43.wav,4,43,car_horn,False,175845,A
2-128465-A-43.wav,2,43,car_horn,False,128465,A
5-179868-A-43.wav,5,43,car_horn,False,179868,A
3-155130-A-43.wav,3,43,car_horn,False,155130,A
2-100648-A-43.wav,2,43,car_horn,False,100648,A
1-28808-A-43.wav,1,43,car_horn,False,28808,A
2-42101-A-43.wav,2,43,car_horn,False,42101,A
5-179863-A-43.wav,5,43,car_horn,False,179863,A
4-175855-A-43.wav,4,43,car_horn,False,175855,A
1-254507-A-43.wav,1,43,car_horn,False,254507,A
4-195451-A-44.wav,4,44,engine,False,195451,A
2-106487-A-44.wav,2,44,engine,False,106487,A
5-235507-A-44.wav,5,44,engine,False,235507,A
3-154758-A-44.wav,3,44,engine,False,154758,A
2-78651-A-44.wav,2,44,engine,False,78651,A
1-62565-A-44.wav,1,44,engine,False,62565,A
2-106014-A-44.wav,2,44,engine,False,106014,A
5-240671-A-44.wav,5,44,engine,False,240671,A
3-135650-B-45.wav,3,45,train,False,135650,B
5-197121-A-45.wav,5,45,train,False,197121,A
4-165791-A-45.wav,4,45,train,False,165791,A
3-157492-A-45.wav,3,45,train,False,157492,A
5-198600-A-45.wav,5,45,train,False,198600,A
3-138212-A-45.wav,3,45,train,False,138212,A
4-178881-A-45.wav,4,45,train,False,178881,A
3-141559-A-45.wav,3,45,train,False,141559,A
5-188945-A-45.wav,5,45,train,False,188945,A
1-119125-A-45.wav,1,45,train,False,119125,A
3-136451-A-45.wav,3,45,train,False,136451,A
2-122067-A-45.wav,2,45,train,False,122067,A
2-122067-B-45.wav,2,45,train,False,122067,B
1-70300-A-45.wav,1,45,train,False,70300,A
4-165845-A-45.wav,4,45,train,False,165845,A
2-122066-B-45.wav,2,45,train,False,122066,B
5-188796-A-45.wav,5,45,train,False,188796,A
2-262579-A-45.wav,2,45,train,False,262579,A
5-199284-B-45.wav,5,45,train,False,199284,B
5-197118-A-45.wav,5,45,train,False,197118,A
5-199284-A-45.wav,5,45,train,False,199284,A
4-165933-A-45.wav,4,45,train,False,165933,A
3-159445-A-45.wav,3,45,train,False,159445,A
3-159445-B-45.wav,3,45,train,False,159445,B
1-62509-A-45.wav,1,45,train,False,62509,A
1-54065-A-45.wav,1,45,train,False,54065,A
1-64473-A-45.wav,1,45,train,False,64473,A
4-168446-A-45.wav,4,45,train,False,168446,A
2-135649-B-45.wav,2,45,train,False,135649,B
2-122066-A-45.wav,2,45,train,False,122066,A
2-135649-A-45.wav,2,45,train,False,135649,A
5-197121-B-45.wav,5,45,train,False,197121,B
2-77346-A-46.wav,2,46,church_bells,False,77346,A
1-40154-A-46.wav,1,46,church_bells,False,40154,A
3-98869-A-46.wav,3,46,church_bells,False,98869,A
2-77347-A-46.wav,2,46,church_bells,False,77347,A
4-147658-A-46.wav,4,46,church_bells,False,147658,A
5-201172-A-46.wav,5,46,church_bells,False,201172,A
1-48298-A-46.wav,1,46,church_bells,False,48298,A
5-219044-A-46.wav,5,46,church_bells,False,219044,A
4-147657-A-46.wav,4,46,church_bells,False,147657,A
5-197988-A-46.wav,5,46,church_bells,False,197988,A
3-111102-A-46.wav,3,46,church_bells,False,111102,A
5-188716-A-46.wav,5,46,church_bells,False,188716,A
1-13572-A-46.wav,1,46,church_bells,False,13572,A
5-204741-A-46.wav,5,46,church_bells,False,204741,A
4-140034-A-46.wav,4,46,church_bells,False,140034,A
2-61618-A-46.wav,2,46,church_bells,False,61618,A
5-198373-A-46.wav,5,46,church_bells,False,198373,A
1-54747-A-46.wav,1,46,church_bells,False,54747,A
5-201170-A-46.wav,5,46,church_bells,False,201170,A
3-139109-A-46.wav,3,46,church_bells,False,139109,A
3-87936-B-46.wav,3,46,church_bells,False,87936,B
1-22804-A-46.wav,1,46,church_bells,False,22804,A
1-21421-A-46.wav,1,46,church_bells,False,21421,A
3-87936-A-46.wav,3,46,church_bells,False,87936,A
2-56926-A-46.wav,2,46,church_bells,False,56926,A
2-78381-A-46.wav,2,46,church_bells,False,78381,A
1-43807-B-47.wav,1,47,airplane,False,43807,B
3-143562-A-47.wav,3,47,airplane,False,143562,A
4-161099-A-47.wav,4,47,airplane,False,161099,A
3-115387-C-47.wav,3,47,airplane,False,115387,C
1-11687-A-47.wav,1,47,airplane,False,11687,A
5-215445-A-47.wav,5,47,airplane,False,215445,A
5-251962-A-47.wav,5,47,airplane,False,251962,A
1-24796-A-47.wav,1,47,airplane,False,24796,A
5-251971-A-47.wav,5,47,airplane,False,251971,A
3-115387-A-47.wav,3,47,airplane,False,115387,A
1-43807-A-47.wav,1,47,airplane,False,43807,A
4-161100-A-47.wav,4,47,airplane,False,161100,A
2-78799-A-47.wav,2,47,airplane,False,78799,A
2-78781-A-47.wav,2,47,airplane,False,78781,A
4-255371-A-47.wav,4,47,airplane,False,255371,A
4-161105-B-47.wav,4,47,airplane,False,161105,B
3-143560-A-47.wav,3,47,airplane,False,143560,A
4-251959-A-47.wav,4,47,airplane,False,251959,A
2-106849-A-47.wav,2,47,airplane,False,106849,A
5-160614-E-48.wav,5,48,fireworks,False,160614,E
3-172922-A-48.wav,3,48,fireworks,False,172922,A
4-119647-B-48.wav,4,48,fireworks,False,119647,B
2-117615-A-48.wav,2,48,fireworks,False,117615,A
2-117615-C-48.wav,2,48,fireworks,False,117615,C
3-172881-A-48.wav,3,48,fireworks,False,172881,A
3-119120-A-48.wav,3,48,fireworks,False,119120,A
4-119648-B-48.wav,4,48,fireworks,False,119648,B
2-117615-D-48.wav,2,48,fireworks,False,117615,D
3-251617-A-48.wav,3,48,fireworks,False,251617,A
5-160614-F-48.wav,5,48,fireworks,False,160614,F
4-119647-A-48.wav,4,48,fireworks,False,119647,A
1-25777-A-48.wav,1,48,fireworks,False,25777,A
3-96606-A-49.wav,3,49,hand_saw,False,96606,A
3-97909-A-49.wav,3,49,hand_saw,False,97909,A
2-51630-B-49.wav,2,49,hand_saw,False,51630,B
5-253094-B-49.wav,5,49,hand_saw,False,253094,B
2-60180-A-49.wav,2,49,hand_saw,False,60180,A
5-250258-A-49.wav,5,49,hand_saw,False,250258,A
4-198360-B-49.wav,4,49,hand_saw,False,198360,B
3-102583-C-49.wav,3,49,hand_saw,False,102583,C
